n_observations,r_squared,adjusted_r_squared,residual_standard_error,model_statistic,model_p_value
648,0.027634764611040932,0.006129056403386235,39.97924367874103,1.2849967247860576,0.21107452210391534
