same_state_group,group_n,mean_avg_salary,sd_avg_salary
Same state,268,119.31716417910448,33.38236325063975
Different state,380,126.75526315789473,44.01571557533361
